"Reference","Value","Datasheet","Footprint","Qty","DNP"
"C1,C2,C5,C9,C10,C11,C14,C15,C17,C18,C20,C22,C23,C24,C32","10uF","https://www.lcsc.com/datasheet/lcsc_datasheet_2208231630_Samsung-Electro-Mechanics-CL05A106MQ5NUNC_C15525.pdf","CL05A106MQ5NUNC:CAPC1005X55N (10uF),PCM_JLCPCB:C_0402","15",""
"C3,C4,C6,C7,C8,C12,C13,C16,C19,C21","100uF","","PCM_JLCPCB:C_1206","10",""
"C25","1uF","https://www.lcsc.com/datasheet/lcsc_datasheet_2304140030_Samsung-Electro-Mechanics-CL05A105KA5NQNC_C52923.pdf","PCM_JLCPCB:C_0402","1",""
"C26,C29","2.2uF","https://www.lcsc.com/datasheet/lcsc_datasheet_2304140030_Samsung-Electro-Mechanics-CL05A225MQ5NSNC_C12530.pdf","PCM_JLCPCB:C_0402","2",""
"C27,C28,C30,C31","10nF","https://www.lcsc.com/datasheet/lcsc_datasheet_2304140030_Samsung-Electro-Mechanics-CL21B103KBANNNC_C1710.pdf","PCM_JLCPCB:C_0805","4",""
"C33","220nF","https://www.lcsc.com/datasheet/lcsc_datasheet_2304140030_Samsung-Electro-Mechanics-CL05B224KO5NNNC_C16772.pdf","PCM_JLCPCB:C_0402","1",""
"D1,D2,D3,D4","SS54","","PCM_JLCPCB:D_DO-214AC(SMA),SS54:DO-214AC","4",""
"IC1","CH224K","https://datasheet.lcsc.com/lcsc/2204251615_WCH-Jiangsu-Qin-Heng-CH224K_C970725.pdf","CH224K:SOP100P600X180-11N","1",""
"IC2,IC3","DRV8833PWPR","http://www.ti.com/lit/gpn/drv8833","DRV:SOP65P640X120-16N","2",""
"IC4","INA219AIDCNR","https://componentsearchengine.com/Datasheets/2/INA219AIDCNR.pdf","INA219:SOP65P280X145-8N","1",""
"J1","Conn_02x16_Odd_Even","~","Connector_PinHeader_2.54mm:PinHeader_1x03_P2.54mm_Vertical","1",""
"J2","TYPE-C-31-M-17","https://datasheet.lcsc.com/szlcsc/1903211732_Korean-Hroparts-Elec-TYPE-C-31-M-17_C283540.pdf","USB-C:TYPEC31M17","1",""
"L1,L2,L3","22uH","~","PCM_JLCPCB:L_0603","3",""
"Q1","NMOS","https://ngspice.sourceforge.io/docs/ngspice-manual.pdf","2N7002:SOT95P240X111-3N","1",""
"R1,R13","5.1kΩ","https://www.lcsc.com/datasheet/lcsc_datasheet_2206010045_UNI-ROYAL-Uniroyal-Elec-0402WGF5101TCE_C25905.pdf","PCM_JLCPCB:R_0402","2",""
"R2","5.6kΩ","~","PCM_JLCPCB:R_0805","1",""
"R3","2.7kΩ","~","PCM_JLCPCB:R_0805","1",""
"R4,R5,R6,R7","1.2kΩ","~","PCM_JLCPCB:R_0805","4",""
"R8,R9,R10,R11,R12","1Ω","0603WAF1002T5E","PCM_JLCPCB:R_0603","5",""
"R14","1kΩ","https://www.lcsc.com/datasheet/lcsc_datasheet_2206010216_UNI-ROYAL-Uniroyal-Elec-0402WGF1001TCE_C11702.pdf","PCM_JLCPCB:R_0402","1",""
"R15","6.8kΩ","https://www.lcsc.com/datasheet/lcsc_datasheet_2206010116_UNI-ROYAL-Uniroyal-Elec-0603WAF6801T5E_C23212.pdf","PCM_JLCPCB:R_0603","1",""
"R16","10kΩ","https://www.lcsc.com/datasheet/lcsc_datasheet_2411221126_UNI-ROYAL-Uniroyal-Elec-0402WGF1002TCE_C25744.pdf","PCM_JLCPCB:R_0402","1",""
"R17,R18,R19,R20","47kΩ","https://www.lcsc.com/datasheet/lcsc_datasheet_2206010200_UNI-ROYAL-Uniroyal-Elec-0805W8F4702T5E_C17713.pdf","PCM_JLCPCB:R_0805","4",""
"R21","100mΩ","https://www.lcsc.com/datasheet/lcsc_datasheet_2205311900_UNI-ROYAL-Uniroyal-Elec-1206W4F100LT5E_C25334.pdf","PCM_JLCPCB:R_1206","1",""
"R22,R23","4.7kΩ","https://www.lcsc.com/datasheet/lcsc_datasheet_2206010045_UNI-ROYAL-Uniroyal-Elec-0402WGF4701TCE_C25900.pdf","PCM_JLCPCB:R_0402","2",""
"S1","SS12D07VG4","","SS12D07VG4:SW_SS12D07VG4","1",""
"TP1","TestPoint","~","TestPoint:TestPoint_Pad_1.0x1.0mm","1",""
"U1","TP4056-42-ESOP8","","TP4056-42-ESOP8:SOIC127P600X175-9N","1",""
"U2,U3","TPS22950YBHR","","TPS22950YBHR:IC_TPS22950YBHR","2",""
"U4","MT3608","MT3608","KiCad:SOT95P280X145-6N","1",""
"U5,U6","XL1509-5.0","https://datasheet.lcsc.com/lcsc/1809050422_XLSEMI-XL1509-5-0E1_C61063.pdf","PCM_JLCPCB:SOIC-8_3.9x4.9mm_P1.27mm","2",""
