Comment,Designator,Footprint,LCSC,Quantity
1kΩ,R14,R_0402,C11702,1
2.2uF,"C26,C29",C_0402,C12530,2
100uF,"C12,C13,C16,C19,C21,C3,C4,C6,C7,C8",C_1206,C15008,10
10uF,"C1,C10,C11,C14,C15,C17,C18,C2,C20,C22,C23,C24,C32,C5,C9",CAPC1005X55N (10uF),C15525,15
220nF,C33,C_0402,C16772,1
10nF,"C27,C28,C30,C31",C_0805,C1710,4
1.2kΩ,"R4,R5,R6,R7",R_0805,C17379,4
2.7kΩ,R3,R_0805,C17530,1
47kΩ,"R17,R18,R19,R20",R_0805,C17713,4
SS12D07VG4,S1,SW_SS12D07VG4,C22435633,1
SS54,"D1,D2,D3,D4",D_DO-214AC(SMA),C22452,4
1Ω,"R10,R11,R12,R8,R9",R_0603,C22936,5
6.8kΩ,R15,R_0603,C23212,1
100mΩ,R21,R_1206,C25334,1
10kΩ,R16,R_0402,C25744,1
4.7kΩ,"R22,R23",R_0402,C25900,2
5.1kΩ,"R1,R13",R_0402,C25905,2
TYPE-C-31-M-17,J2,TYPEC31M17,C283540,1
TPS22950YBHR,"U2,U3",IC_TPS22950YBHR,C3230039,2
5.6kΩ,R2,R_0805,C4382,1
1uF,C25,C_0402,C52923,1
XL1509-5.0,"U5,U6",SOIC-8_3.9x4.9mm_P1.27mm,C61063,2
TP4056-42-ESOP8,U1,SOIC127P600X175-9N,C7473158,1
MT3608,U4,SOT95P280X145-6N,C84817,1
NMOS,Q1,SOT95P240X111-3N,C8545,1
SDATEST,TP7,TestPoint_Pad_1.0x1.0mm,,1
SCLTEST,TP6,TestPoint_Pad_1.0x1.0mm,,1
5VoutTest,TP5,TestPoint_Pad_1.0x1.0mm,,1
3v3Test,TP4,TestPoint_Pad_1.0x1.0mm,,1
5VTEST,TP3,TestPoint_Pad_1.0x1.0mm,,1
BATTTEST,TP2,TestPoint_Pad_1.0x1.0mm,,1
TestPoint,TP1,TestPoint_Pad_1.0x1.0mm,,1
22uH,L3,L_0603,,1
22uH,L2,L_0603,,1
22uH,L1,L_0603,,1
B2B-PH-K-S_LF__SN_,J3,SHDR2W50P0X200_1X2_590X450X600P,,1
Conn_02x16_Odd_Even,J1,PinHeader_2x16_P2.54mm_Vertical,,1
INA219AIDCNR,IC4,SOP65P280X145-8N,,1
DRV8833PWPR,IC3,SOP65P640X120-16N,,1
DRV8833PWPR,IC2,SOP65P640X120-16N,,1
CH224K,IC1,SOP100P600X180-11N,,1
