{
  "editorVersion": "6.5.48",
  "docType": "5",
  "title": "New Project",
  "description": "",
  "colors": {},
  "schematics": [
    {
      "docType": "1",
      "title": "Sheet_1",
      "description": "",
      "dataStr": {
        "head": {
          "docType": "1",
          "editorVersion": "6.5.48",
          "newgId": true,
          "c_para": {
            "Prefix Start": "1"
          },
          "c_spiceCmd": null
        },
        "canvas": "CA~1000~1000~#FFFFFF~yes~#CCCCCC~5~1000~1000~line~5~pixel~5~0~0",
        "shape": [
          "LIB~0~10~package`L0805`nameAlias`Value`Supplier`LCSC`Manufacturer`Sunlord(顺络)`Manufacturer Part`SDFL2012S100KTF`Supplier Part`C1046`JLCPCB Part Class`Basic Part`spicePre`L`spiceSymbolName`SDFL2012S100KTF`~~0~gge9c4708ec024818f4~bcc8ca20dcc84ccfa139b07aa569efaf~7e7bd4480f50e43c3f271086aa8e152e~0~~yes~yes~~1542984937~#@$T~N~-5.19140625~2.64~0~#000080~Arial~~~~~comment~10uH~1~start~gge7~0~#@$T~P~-5.19140625~-6.36~0~#000080~Arial~~~~~comment~L1~1~start~gge13~0~#@$P~show~0~2~20~10~0~gge22~0^^20~10^^M 20 10 h -3~#800^^0~13~10~0~2~end~~~#800^^0~21~6~0~2~start~~~#800^^0~20~10^^0~M 17 7 L 14 10 L 17 13#@$P~show~0~1~-20~10~180~gge43~0^^-20~10^^M -20 10 h 3~#800^^0~-13~10~0~1~start~~~#800^^0~-21~6~0~1~end~~~#800^^0~-20~10^^0~M -17 13 L -14 10 L -17 7#@$A~M -16.88 9.93 A 4 3.9 0 1 1 -8.92 9.94~~#880000~1~0~none~gge64~0#@$A~M -8.4 9.93 A 4 3.9 0 1 1 -0.44 9.93~~#880000~1~0~none~gge67~0#@$A~M 0.07 9.93 A 4 3.9 0 1 1 8.03 9.93~~#880000~1~0~none~gge70~0#@$A~M 8.7 9.93 A 4 3.9 0 1 1 16.67 9.94~~#880000~1~0~none~gge73~0"
        ],
        "BBox": {
          "x": -21,
          "y": -14.8,
          "width": 42,
          "height": 25.8
        },
        "colors": {}
      }
    }
  ]
}